{
    "loss": [
        0.5224051475524902
    ],
    "val_loss": [
        0.45857882499694824
    ]
}